{
  "offset_x": 0.8092041,
  "offset_y": 0.48707604,
  "offset_z": -2.115313,
  "scale_x": 9.7985,
  "scale_y": 9.7595,
  "scale_z": 9.855132
}

